Season,Disk,Episode Number,Episode Title
01,01,1,Roller Coaster Murder Case
01,01,2,Company President's Daughter Kidnapping Case
01,01,3,An Idol's Locked Room Murder Case
01,01,4,The Coded Map of the City Case
01,02,5,The Shinkansen's Bomb Case
01,02,6,Valentine Murder Case
01,02,7,Once-A-Month Present Threat Case
01,02,8,Art Museum Owner Murder Case
01,03,9,Tenkaichi Night Festival Murder Case
01,03,10,Pro Soccer Player Blackmail Case
01,03,11,Moonlight Sonata Murder Case
01,04,12,Ayumi-chan Kidnapping Case
01,04,13,The Strange Person Hunt Murder Case
01,04,14,The Mysterious Shooting Message Case
01,04,15,Missing Corpse Murder Case
01,05,16,The Antique Collector Murder Case
01,05,17,Hijacked Department Store Case
01,05,18,A June Bride Murder Case
01,05,19,An Elevator Murder Case
01,06,20,A Haunted Mansion Murder Case
01,06,21,“On Location, TV Drama Murder Case“
01,06,22,Luxury Liner Serial Murder Case (Part 1)
01,06,23,Luxury Liner Serial Murder Case (Part 2)
01,07,24,The Mysterious Woman With Amnesia Case
01,07,25,The False Kidnapping and Hostage Case
01,07,27,Kogoro's Class Reunion Murder Case (Part 1)
01,07,28,Kogoro's Class Reunion Murder Case (Part 2)
02,01,26,Pet Dog John Murder Case
02,01,29,Computer Murder Case
02,01,30,Alibi Testimony Murder Case
02,01,31,TV Station Murder Case
02,02,32,Coffee Shop Murder Case
02,02,33,Detective Boys Survival Case
02,02,34,Mountain Villa Bandaged Man Murder Case (Part 1)
02,02,35,Mountain Villa Bandaged Man Murder Case (Part 2)
02,03,36,Monday Night 7∶30 p.m. Murder Case
02,03,37,Cactus's Flower Murder Case
02,03,38,Akaoni Village Fire Festival Murder Case
02,03,41,Victory Flag Tearing Case
02,04,39,Wealthy Daughter Murder Case (Part 1)
02,04,40,Wealthy Daughter Murder Case (Part 2)
02,04,42,Karaoke Box Murder Case
02,04,43,Conan Edogawa Kidnapping Case
02,05,44,Three Hotta Brothers Murder Case
02,05,45,Facial Mask Murder Case
02,05,46,Alpine Hut in the Snowy Mountain Murder Case
02,05,47,Sports Club Murder Case
02,06,48,Diplomat Murder Case (Part 1)
02,06,49,Diplomat Murder Case (Part 2)
02,06,50,Library Murder Case
02,06,51,The Golf Driving Range Murder Case
02,07,52,The Mist Goblin Legend Murder Case
02,07,53,The Mystery Weapon Murder Case
02,07,54,Game Company Murder Case
03,01,55,The Train Trick Murder Case
03,01,56,The Ojamanbou Murder Case
03,01,57,Holmes Freak Murder Case (Part 1)
03,01,58,Holmes Freak Murder Case (Part 2)
03,02,59,The First Errand Murder Case
03,02,60,An Illustrator Murder Case
03,02,61,A Ghost Ship Murder Case (Part 1)
03,02,62,A Ghost Ship Murder Case (Part 2)
03,03,63,Big Monster Gomera Murder Case
03,03,64,The Third Fingerprint Murder Case
03,03,65,A Crab and Whale Kidnapping Case
03,03,66,Night Road Murder Case
03,04,63,Big Monster Gomera Murder Case
03,04,64,The Third Fingerprint Murder Case
03,04,65,A Crab and Whale Kidnapping Case
03,04,66,Night Road Murder Case
03,05,71,A Stalker's Murder Case
03,05,72,The Triplet's Country Home Murder Case
03,05,73,The Detective Boys' Disaster Case
03,05,74,The Death God Jinnai Murder Case
03,06,75,Loan Company President's Murder Case
03,06,76,Conan vs. Kaitou Kid
03,06,79,The Bank Heist Murder Case
03,07,77,Distinguished Family's Consecutive Accidental Death Case (Part 1)
03,07,78,Distinguished Family's Consecutive Accidental Death Case (Part 2)
03,07,81,The Kidnapping of a Popular Artist Case (Part 1)
03,07,82,The Kidnapping of a Popular Artist Case (Part 2)
04,01,80,The Wandering Artist Murder Case
04,01,83,General Hospital Murder Case
04,01,84,Ski Lodge Murder Case (Part 1)
04,01,85,Ski Lodge Murder Case (Part 2)
04,02,80,The Wandering Artist Murder Case
04,02,83,General Hospital Murder Case
04,02,84,Ski Lodge Murder Case (Part 1)
04,02,85,Ski Lodge Murder Case (Part 2)
04,03,80,The Wandering Artist Murder Case
04,03,83,General Hospital Murder Case
04,03,84,Ski Lodge Murder Case (Part 1)
04,03,85,Ski Lodge Murder Case (Part 2)
04,04,96,The Cornered Famous Detective! Two Big Murder Cases
04,05,94,Snow Woman's Legend Murder Case
04,05,95,Kogoro's Date Murder Case
04,05,98,The Famous Potter Murder Case (Part 1)
04,05,99,The Famous Potter Murder Case (Part 2)
04,06,100,The Memories of First Love Case (Part 1)
04,06,101,The Memories of First Love Case (Part 2)
04,06,102,The Historical Actor Murder Case (Part 1)
04,06,103,The Historical Actor Murder Case (Part 2)
04,07,97,The Farewell Wine Murder Case
04,07,104,The Mysterious Mansion of a Band of Thieves Case (Part 1)
04,07,105,The Mysterious Mansion of a Band of Thieves Case (Part 2)
04,07,106,Scoop Picture Murder Case
05,01,107,The Mysterious Mole Alien Case (Part 1)
05,01,108,The Mysterious Mole Alien Case (Part 2)
05,01,109,Detective Club Pursuit Case
05,01,112,The Seven Mysteries of Teitan Elementary School Case
05,02,110,Cooking Classroom Murder Case (Part 1)
05,02,111,Cooking Classroom Murder Case (Part 2)
05,02,114,Scuba Diving Murder Case (Part 1)
05,02,115,Scuba Diving Murder Case (Part 2)
05,03,113,The White Sandy Beach Murder Case
05,03,116,The Mystery Writer Disappearance Case (Part 1)
05,03,117,The Mystery Writer Disappearance Case (Part 2)
05,03,119,The Kamen Yaiba Murder Case
05,04,118,The Naniwa Serial Murder Case
05,04,120,A Honey Cocktail Murder Case
05,04,123,The Weather Girl Kidnapping Case
05,05,121,The Locked Bathroom Murder Case (Part 1)
05,05,122,The Locked Bathroom Murder Case (Part 2)
05,05,124,A Mysterious Sniper Murder Case (Part 1)
05,05,125,A Mysterious Sniper Murder Case (Part 2)
05,06,126,The Traveling Drama Troupe Murder Case (Part 1)
05,06,127,The Traveling Drama Troupe Murder Case (Part 2)
05,06,130,The Indiscriminate Stadium Threatening Case (Part 1)
05,06,131,The Indiscriminate Stadium Threatening Case (Part 2)
05,07,128,The Black Organization∶ One Billion Yen Robbery Case
05,07,132,Magic Lover's Murder Case (The Murder) (Part 1)
05,07,133,Magic Lover's Murder Case (The Suspicion) (Part 2)
05,07,134,Magic Lover's Murder Case (The Resolution) (Part 3)
05,08,129,The Girl from the Black Organization and the University Professor Murder Case
06,01,135,The Disappearing Weapon Search Case
06,01,136,The Old Blue Castle Investigation Case (Part 1)
06,01,137,The Old Blue Castle Investigation Case (Part 2)
06,01,140,SOS! Messages from Ayumi
06,02,138,The Final Screening Murder Case (Part 1)
06,02,139,The Final Screening Murder Case (Part 2)
06,02,141,The Night Before the Wedding Locked Room Case (Part 1)
06,02,142,The Night Before the Wedding Locked Room Case (Part 2)
06,03,143,The Suspicious Astronomical Observation
06,03,144,The North Star No.3 Express Leaving Ueno (Part 1)
06,03,145,The North Star No.3 Express Leaving Ueno (Part 2)
06,03,148,The Streetcar's Sudden Stopping Case
06,04,146,Metropolitan Police Detective Love Story (Part 1)
06,04,147,Metropolitan Police Detective Love Story (Part 2)
06,04,149,The Bungee Jumping Case
06,04,152,The Mysterious Old Man Disappearance Case
06,05,150,The Truth Behind the Car Explosion Case (Part 1)
06,05,151,The Truth Behind the Car Explosion Case (Part 2)
06,05,153,Sonoko's Dangerous Summer Story (Part 1)
06,05,154,Sonoko's Dangerous Summer Story (Part 2)
06,06,155,Underwater Key in the Locked Room Case
06,06,156,Metropolitan Police Detective Love Story 2 (Part 1)
06,06,157,Metropolitan Police Detective Love Story 2 (Part 2)
06,06,158,The Silent Loop Line
06,07,159,The Legend of the Mysterious Five Storied Pagoda (Part 1)
06,07,160,The Legend of the Mysterious Five Storied Pagoda (Part 2)
06,07,162,The Locked Room in the Sky∶ Shinichi Kudo's First Case
07,01,161,The Murder Floating in the Water Stream Restaurant
07,01,163,“The Secret of the Moon, the Star, and the Sun (Part 1)“
07,01,164,“The Secret of the Moon, the Star, and the Sun (Part 2)“
07,01,165,The Disappearing Detective Boys Case
07,02,166,Tottori Spider Mansion Demon (The Murder) (Part 1)
07,02,167,Tottori Spider Mansion Demon (The Suspicion) (Part 2)
07,02,168,Tottori Spider Mansion Demon (The Resolution) (Part 3)
07,02,169,Venus' Kiss
07,03,170,The Blind Spot in the Darkness (Part 1)
07,03,171,The Blind Spot in the Darkness (Part 2)
07,03,172,The Revival of the Dying Message (Part 1)
07,03,173,The Revival of the Dying Message (Part 2)
07,04,174,The Twenty Year Old Murderous Intent∶ The Symphony Serial Murder Case
07,05,175,The Man Who Was Killed Four Times
07,05,176,Reunion with the Black Organization (Haibara)
07,05,177,Reunion with the Black Organization (Conan)
07,05,178,Reunion with the Black Organization (Resolution)
07,06,179,The Coffee Shop Truck's Wild Entrance Case
07,06,180,The Nocturne of Red Murderous Intent (Part 1)
07,06,181,The Nocturne of Red Murderous Intent (Part 2)
07,06,182,The Big Investigation of the Nine Doors
07,07,183,A Dangerous Recipe
07,07,184,A Cursed Mask Coldly Laughs
07,07,187,The Unknown Gunshot That Rings in the Dark
07,08,185,The Murdered Famous Detective (Part 1)
07,08,186,The Murdered Famous Detective (Part 2)
07,08,188,The Desperate Revival ~ The Cavern of the Detective Boys ~ (Part 1)
07,08,189,The Desperate Revival ~ The Wounded Great Detective ~ (Part 2)
07,09,190,The Desperate Revival ~ The Third Choice ~ (Part 3)
07,09,191,The Desperate Revival ~ The Black Knight ~ (Part 4)
07,09,192,The Desperate Revival ~ Shinichi's Return ~ (Part 5)
07,09,193,The Desperate Revival ~ The Promised Place ~ (Part 6)
08,01,194,The Significant Music Box (Part 1)
08,01,195,The Significant Music Box (Part 2)
08,01,196,“The Invisible Weapon, Ran's First Investigation“
08,01,207,The Deduction That Was Too Good
08,02,197,The Super Car's Trap (Part 1)
08,02,198,The Super Car's Trap (Part 2)
08,02,199,“Kogoro Mouri, Suspect (Part 1)“
08,02,200,“Kogoro Mouri, Suspect (Part 2)“
08,03,201,The Tenth Passenger (Part 1)
08,03,202,The Tenth Passenger (Part 2)
08,03,203,The Black Wings of Icarus (Part 1)
08,03,204,The Black Wings of Icarus (Part 2)
08,04,205,Metropolitan Police Detective Love Story 3 (Part 1)
08,04,206,Metropolitan Police Detective Love Story 3 (Part 2)
08,04,208,The Entrance to the Maze∶ The Anger of the Colossus
08,05,209,The Falling from Mt. Ryujin Case
08,05,210,The Water Palace of Five Colors (Part 1)
08,05,211,The Water Palace of Five Colors (Part 2)
08,05,214,The Mysterious Retro Room Case
08,06,212,“Mushrooms, Bears, and the Detective Boys (Part 1)“
08,06,213,“Mushrooms, Bears, and the Detective Boys (Part 2)“
08,06,215,The Bay of Revenge (Part 1)
08,06,216,The Bay of Revenge (Part 2)
08,07,219,The Gathering of the Detectives! Shinichi Kudo vs. Kaitou Kid
09,01,217,Megure's Sealed Secret (Part 1)
09,01,218,Megure's Sealed Secret (Part 2)
09,01,220,The Client Full of Lies (Part 1)
09,01,221,The Client Full of Lies (Part 2)
09,02,222,And Then There Were No Mermaids (The Murder)
09,02,223,And Then There Were No Mermaids (The Deduction)
09,02,224,And Then There Were No Mermaids (The Resolution)
09,02,225,The Secret of the High Sales
09,03,226,The Battle Game Trap (Part 1)
09,03,227,The Battle Game Trap (Part 2)
09,03,228,The Murderous Pottery Class (Part 1)
09,03,229,The Murderous Pottery Class (Part 2)
09,04,230,The Mysterious Passenger (Part 1)
09,04,231,The Mysterious Passenger (Part 2)
09,04,232,The Falling from the Condo Case
09,04,235,The Locked Wine Cellar
09,05,233,The Evidence That Didn't Disappear (Part 1)
09,05,234,The Evidence That Didn't Disappear (Part 2)
09,05,236,The Nanki Shirahama Mystery Tour (Part 1)
09,05,237,The Nanki Shirahama Mystery Tour (Part 2)
09,06,238,“The 3 ““K““s of Osaka Case (Part 1)“
09,06,239,“The 3 ““K““s of Osaka Case (Part 2)“
09,06,240,The Shinkansen Transport Case (Part 1)
09,06,241,The Shinkansen Transport Case (Part 2)
09,07,242,Boy Genta's Misfortune
09,07,243,Kogoro Mouri's Imposter (Part 1)
09,07,244,Kogoro Mouri's Imposter (Part 2)
09,07,245,The Gunshot at the Sunflower Estate
09,08,246,The Mystery in the Net (Part 1)
09,08,247,The Mystery in the Net (Part 2)
09,08,248,The Alibi of the Soothing Forest
09,08,251,The Tragedy at the OK Corral
09,09,249,The Celebrities' Secret (Part 1)
09,09,250,The Celebrities' Secret (Part 2)
09,09,253,Metropolitan Police Detective Love Story 4 (Part 1)
09,09,254,Metropolitan Police Detective Love Story 4 (Part 2)
10,01,252,The Kidnapper in the Picture
10,01,255,The 14th Round of the Matsue Tamatsukuri Linked Verse Contest (Part 1)
10,01,256,The 14th Round of the Matsue Tamatsukuri Linked Verse Contest (Part 2)
10,01,257,The Mysterious Punishment From Heaven
10,02,258,The Man from Chicago (Part 1)
10,02,259,The Man from Chicago (Part 2)
10,02,261,The Fearful Legend of the Snowy Night (Part 1)
10,02,262,The Fearful Legend of the Snowy Night (Part 2)
10,03,260,The Shaking Restaurant
10,03,266,The Truth Behind Valentine's (The Murder)
10,03,267,The Truth Behind Valentine's (The Reasoning)
10,03,268,The Truth Behind Valentine's (The Resolution)
10,04,263,The Osaka Double Mystery - The Naniwa Swordsman and Toyotomi's Castle
10,04,273,Riddle Granny Disappearance Case
10,05,264,Courtroom Confrontation∶ Kisaki vs. Kogoro (Part 1)
10,05,265,Courtroom Confrontation∶ Kisaki vs. Kogoro (Part 2)
10,05,269,The Forgotten Memento from the Crime (Part 1)
10,05,270,The Forgotten Memento from the Crime (Part 2)
10,06,271,The Secret Rushed Omission (Part 1)
10,06,272,The Secret Rushed Omission (Part 2)
10,06,274,The Truth of the Haunted House (Part 1)
10,06,275,The Truth of the Haunted House (Part 2)
10,07,276,The Policeman's Missing Notebook Case
10,07,277,English Teacher vs. Great Western Detective (Part 1)
10,07,278,English Teacher vs. Great Western Detective (Part 2)
10,07,281,The Small Eye-Witnesses
10,08,279,Hooligan's Labyrinth (Part 1)
10,08,280,Hooligan's Labyrinth (Part 2)
10,08,282,The Mystery of the Water-Flowing Stone Garden (Part 1)
10,08,283,The Mystery of the Water-Flowing Stone Garden (Part 2)
10,09,289,Mitsuhiko's Mystifying Forest (Part 1)
10,09,290,Mitsuhiko's Mystifying Forest (Part 2)
10,09,284,Chinatown Deja Vu in the Rain (Part 1)
10,09,285,Chinatown Deja Vu in the Rain (Part 2)
11,01,286,Shinichi Kudo's New York Case (Case Part)
11,01,287,Shinichi Kudo's New York Case (Deduction Part)
11,01,288,Shinichi Kudo's New York Case (Solution Part)
11,01,296,Houseboat Fishing Shock
11,02,291,Solitary Island of the Princess and the Dragon King's Palace (The Murder)
11,02,292,Solitary Island of the Princess and the Dragon King's Palace (The Investigation)
11,02,293,Solitary Island of the Princess and the Dragon King's Palace (The Resolution)
11,02,303,The Victim Who Came Back
11,03,294,The Smash of Determination and Love (Part 1)
11,03,295,The Smash of Determination and Love (Part 2)
11,03,297,Courtroom Confrontation II∶ Kisaki vs. Kujo (Part 1)
11,03,298,Courtroom Confrontation II∶ Kisaki vs. Kujo (Part 2)
11,04,299,The Kanmon Strait of Friendship and Murderous Intent (Part 1)
11,04,300,The Kanmon Strait of Friendship and Murderous Intent (Part 2)
11,04,301,Parade of Malice and Saint (Part 1)
11,04,302,Parade of Malice and Saint (Part 2)
11,05,304,The Trembling Police Headquarters∶ 12 Million Hostages
11,05,314,The Scenic Lookout with the Broken Fence
11,06,305,The Unseen Suspect (Part 1)
11,06,306,The Unseen Suspect (Part 2)
11,06,307,On the Trail of a Silent Witness (Part 1)
11,06,308,On the Trail of a Silent Witness (Part 2)
11,07,309,Contact with the Black Organization (Negotiation Chapter)
11,07,310,Contact with the Black Organization (Pursuit Chapter)
11,07,311,Contact with the Black Organization (Desperation Chapter)
11,07,315,Place Exposed to the Sun
11,08,312,Festival Dolls Dyed in the Setting Sun (Part 1)
11,08,313,Festival Dolls Dyed in the Setting Sun (Part 2)
11,08,320,The Art of Ninja Alibi Craft
11,08,328,The Birthday Wine Mystery
12,01,316,The Sullied Masked Hero (Part 1)
12,01,317,The Sullied Masked Hero (Part 2)
12,01,318,The Lucky Cigar Case (Part 1)
12,01,319,The Lucky Cigar Case (Part 2)
12,02,321,The Kidnapper's Disappearing Getaway Car (Part 1)
12,02,322,The Kidnapper's Disappearing Getaway Car (Part 2)
12,02,323,Heiji Hattori's Desperate Situation! (Part 1)
12,02,324,Heiji Hattori's Desperate Situation! (Part 2)
12,03,325,The Red Horse within the Flames (The Incident) (Part 1)
12,03,326,The Red Horse within the Flames (The Investigation) (Part 2)
12,03,327,The Red Horse within the Flames (The Resolution) (Part 3)
12,03,337,Hidden Circumstances of the Falling Incident
12,04,329,A Friendship That Can't Be Bought (Part 1)
12,04,330,A Friendship That Can't Be Bought (Part 2)
12,04,331,The Suspicious Spicy Curry (Part 1)
12,04,332,The Suspicious Spicy Curry (Part 2)
12,05,333,The Similar Princesses (Part 1)
12,05,334,The Similar Princesses (Part 2)
12,05,335,Secret of the Tohto Film Development Studio (Part 1)
12,05,336,Secret of the Tohto Film Development Studio (Part 2)
12,06,338,The Four Porsches (Part 1)
12,06,339,The Four Porsches (Part 2)
12,06,340,Hidden Bathroom Secret (Part 1)
12,06,341,Hidden Bathroom Secret (Part 2)
12,07,342,The Bride of Huis ten Bosch
12,07,343,The Convenience Store Trap (Part 1)
12,07,344,The Convenience Store Trap (Part 2)
12,08,345,Head-to-Head Match with the Black Organization∶ A Dual Mystery on a Full Moon Night
12,09,346,Find the Buttock's Mark (Part 1)
12,09,347,Find the Buttock's Mark (Part 2)
12,09,348,“Love, Ghosts, and World Heritage (Part 1)“
12,09,349,“Love, Ghosts, and World Heritage (Part 2)“
12,10,350,The Forgotten Cell Phone (Part 1)
12,10,351,The Forgotten Cell Phone (Part 2)
12,10,352,The Fishing Tournament Tragedy (Part 1)
12,10,353,The Fishing Tournament Tragedy (Part 2)
13,01,354,A Small Client (Part 1)
13,01,355,A Small Client (Part 2)
13,01,356,Kaitou Kid's Miraculous Midair Walk
13,02,357,Sweetheart is an Illusion of Spring
13,02,358,Metropolitan Police Detective Love Story 5 (Part 1)
13,02,359,Metropolitan Police Detective Love Story 5 (Part 2)
13,02,360,A Mysterious Spring Beetle
13,03,361,Teitan High School's Ghost Story (Part 1)
13,03,362,Teitan High School's Ghost Story (Part 2)
13,03,363,The City Crows
13,03,368,The Candy House the Witch Lives In
13,04,364,The Synchronicity Case (Part 1)
13,04,365,The Synchronicity Case (Part 2)
13,04,366,The Tragedy of the Pier in Plain Sight (Part 1)
13,04,367,The Tragedy of the Pier in Plain Sight (Part 2)
13,05,369,A Lucky Man's Suspense
13,05,370,Running Away in a Game
13,05,371,A Course Without Protest (Part 1)
13,05,372,A Course Without Protest (Part 2)
13,06,373,Deadly Poisonous Spider Trap
13,06,374,A Code of Stars and Tobacco (Part 1)
13,06,375,A Code of Stars and Tobacco (Part 2)
13,06,376,The Time Limit is 15∶00!
13,07,377,Momotarou Mystery Solving Tour (Part 1)
13,07,378,Momotarou Mystery Solving Tour (Part 2)
13,07,379,The Case of the Furisode at the Hidden Hot Spring on a Snowy Night (Part 1)
13,07,380,The Case of the Furisode at the Hidden Hot Spring on a Snowy Night (Part 2)
13,08,381,Which One's Deduction Show (Part 1)
13,08,382,Which One's Deduction Show (Part 2)
13,08,388,Kogoro Gets Drunk in Satsuma (Part 1)
13,08,389,Kogoro Gets Drunk in Satsuma (Part 2)
13,09,383,Miracle at Koshien Ball Park! The Defiants Face the Dark Demon
13,10,384,The Target is Kogoro Mouri
13,10,385,The Dissonance of the Stradivarius (Prelude)
13,10,386,The Dissonance of the Stradivarius (Interlude)
13,10,387,The Dissonance of the Stradivarius (Postlude)
14,01,390,Metropolitan Police Detective Love Story 6 (Part 1)
14,01,391,Metropolitan Police Detective Love Story 6 (Part 2)
14,01,392,The Mysterious Height Difference of 20cm
14,01,393,A Kidnapping Case... So It Seems
14,02,394,Big Adventure in the Eccentric Mansion∶ The Seal (Part 1)
14,02,395,Big Adventure in the Eccentric Mansion∶ The Mechanism (Part 2)
14,02,396,Big Adventure in the Eccentric Mansion∶ The Resolution (Part 3)
14,02,397,“Hot, Bitter, Sweet Soup“
14,03,398,The Strange Family's Request (Part 1)
14,03,399,The Strange Family's Request (Part 2)
14,03,400,Ran's Suspicions
14,03,405,The Man Who Called for an Ambulance
14,04,401,A Jewel Thief Caught Red-Handed (Part 1)
14,04,402,A Jewel Thief Caught Red-Handed (Part 2)
14,04,403,The Mysterious Angel's Mansion (Part 1)
14,04,404,The Mysterious Angel's Mansion (Part 2)
14,05,406,Conan and Heiji's Deduction Magic∶ The Trick (Part 1)
14,05,407,Conan and Heiji's Deduction Magic∶ The Mansion (Part 2)
14,05,408,Conan and Heiji's Deduction Magic∶ The Resolution (Part 3)
14,05,413,The Half Completed Crime Mystery
14,06,409,The Simultaneous Stage Advance and Kidnapping (Part 1)
14,06,410,The Simultaneous Stage Advance and Kidnapping (Part 2)
14,06,411,The Shinto Shrine Torii's Surprising Code (Part 1)
14,06,412,The Shinto Shrine Torii's Surprising Code (Part 2)
14,07,414,The Detective Boys' Bluebird Chase
14,07,415,The Evil Spirit Appears on An Unlucky Day∶ The Case (Part 1)
14,07,416,The Evil Spirit Appears on An Unlucky Day∶ The Suspicion (Part 2)
14,07,417,The Evil Spirit Appears on An Unlucky Day∶ The Solution (Part 3)
14,08,418,Home of Beika's Grenier
14,08,419,Sword of the Eight-Headed Serpent (Part 1)
14,08,420,Sword of the Eight-Headed Serpent (Part 2)
14,08,423,The Detective Boys and the Four Caterpillar Brothers
14,09,421,Gingko-Colored First Love (Part 1)
14,09,422,Gingko-Colored First Love (Part 2)
14,09,424,The Photo Mail from the Clown
14,09,426,Love Letter to Ran
14,10,425,Black Impact! The Moment the Black Organization Reaches Out
15,01,427,Super Secret of the Road to School (Part 1)
15,01,428,Super Secret of the Road to School (Part 2)
15,01,429,Two People Who Can't Return (Part 1)
15,01,430,Two People Who Can't Return (Part 2)
15,02,431,Metropolitan Police Detective Love Story 7 (Part 1)
15,02,432,Metropolitan Police Detective Love Story 7 (Part 2)
15,02,433,Conan∶ A Strange Child
15,02,434,The Great Dog Coeur's Triumph
15,03,435,Information Gathered About the Detective Boys (Part 1)
15,03,436,Information Gathered About the Detective Boys (Part 2)
15,03,437,Aya Ueto and Shinichi - The Promise from 4 Years Ago
15,03,438,The Pursuit of the Fish E-mail
15,04,439,And It'd Be Nice if Everybody Disappeared
15,04,440,The Car Stunt's Utmost Limit
15,04,441,“The Final ““Ahh“““
15,04,442,The Man Obstructed by the Steel Frame
15,05,443,Clam Digging With a Sigh (Part 1)
15,05,444,Clam Digging With a Sigh (Part 2)
15,05,445,Secret of the Russian Blue
15,05,448,The Meguro Sanma Case
15,06,446,The Sealed Western-Style Window (Part 1)
15,06,447,The Sealed Western-Style Window (Part 2)
15,06,449,Metropolitan Police Detective Love Story - Fake Wedding
15,07,450,Trick vs. Magic (Part 1)
15,07,451,Trick vs. Magic (Part 2)
15,07,452,The Phantom of the Konpira
15,08,453,Preview Screening of Fate and Friendship
15,08,454,The Overturned Conclusion (Part 1)
15,08,455,The Overturned Conclusion (Part 2)
15,08,456,The Mystery I Loved
15,09,457,Sonoko's Red Handkerchief (Part 1)
15,09,458,Sonoko's Red Handkerchief (Part 2)
15,09,459,A Mysterious Man - Overly Strict with Regulations
15,09,460,S
15,10,462,The Shadow of the Black Organization (The Young Witness) (Part 1)
15,10,463,The Shadow of the Black Organization (The Strange Illumination) (Part 2)
15,10,464,The Shadow of the Black Organization (The Mystery of the Big Reward) (Part 3)
15,10,465,The Shadow of the Black Organization (Shining Star of Pearl) (Part 4)
16,01,461,The Missing Page
16,01,466,The Unsmashable Snowman (Part 1)
16,01,467,The Unsmashable Snowman (Part 2)
16,01,468,Mysterious Case Near the Pond
16,02,469,Kaitou Kid and the Four Masterpieces (Part 1)
16,02,470,Kaitou Kid and the Four Masterpieces (Part 2)
16,02,471,The Uncontrollable Rental Car!
16,02,474,The Love of Lawyer Eri Kisaki
16,03,472,Shinichi Kudo's Childhood Adventure (Part 1)
16,03,473,Shinichi Kudo's Childhood Adventure (Part 2)
16,03,475,Bad Luck Grand Prix
16,03,478,Real 30 Minutes
16,04,476,Genta's Certain Kill Shot (Part 1)
16,04,477,Genta's Certain Kill Shot (Part 2)
16,04,480,Yellow Alibi
16,04,483,The Vanished Policeman
16,05,479,Three Days with Heiji Hattori
16,06,481,Mountain Witch's Cutlery (Part 1)
16,06,482,Mountain Witch's Cutlery (Part 2)
16,06,484,Whereabouts of the Dark Photograph (Part 1)
16,06,485,Whereabouts of the Dark Photograph (Part 2)
16,07,487,Metropolitan Police Detective Love Story 8∶ The Left Hand's Ring Finger
16,07,488,The Devil of the TV Station
16,08,489,Courtroom Confrontation III∶ Prosecutor as Eyewitness
16,08,490,Heiji Hattori vs. Shinichi Kudo∶ Deduction Battle on the Ski Slope!
17,01,486,Beckoning Cat from Right to Left
17,01,491,Clash of Red and Black (The Beginning)
17,01,492,Clash of Red and Black (Blood Relative)
17,01,493,Clash of Red and Black (Exclamation)
17,02,494,Clash of Red and Black (Hades)
17,02,495,Clash of Red and Black (Coma)
17,02,496,Clash of Red and Black (Invasion)
17,02,497,Clash of Red and Black (Awakening)
17,03,498,Clash of Red and Black (Disturbance)
17,03,499,Clash of Red and Black (Disguise)
17,03,500,Clash of Red and Black (Testament)
17,03,501,Clash of Red and Black (Suspicion)
17,04,502,Clash of Red and Black (Innocence)
17,04,503,Clash of Red and Black (Ready to Die)
17,04,504,Clash of Red and Black (Killed in the Line of Duty)
17,04,512,The Broken Horoscope
17,05,505,Lawyer Eri Kisaki's Testimony (Part 1)
17,05,506,Lawyer Eri Kisaki's Testimony (Part 2)
17,05,507,The Blind Spot in the Karaoke Box (Part 1)
17,05,508,The Blind Spot in the Karaoke Box (Part 2)
17,06,509,“Red, White, Yellow, and the Detective Boys“
17,06,510,Conan vs. Double Code Mystery
17,06,511,Deduction Showdown! Shinichi vs. Subaru Okiya
17,06,520,Red Wine Indictment
17,07,513,Coffee Aroma with Murderous Intention (Part 1)
17,07,514,Coffee Aroma with Murderous Intention (Part 2)
17,07,515,Kaitou Kid's Teleportation Magic
17,08,516,Fuurinkazan The Mysterious Armored Warrior
17,08,517,Fuurinkazan Shadow and Lightning Conclusion
17,08,526,A Present from the True Culprit
17,09,518,Meiji Restoration Mystery Tour∶ Investigation Chapter
17,09,519,Meiji Restoration Mystery Tour∶ Decipher Chapter
17,09,521,“Murderer, Shinichi Kudo“
17,10,522,Shinichi's True Face and Ran's Tears
17,10,523,What She Truly Wants to Ask
17,10,527,The Malice Hidden Behind the Masque
18,01,524,The Blue Spark of Hate (Part 1)
18,01,525,The Blue Spark of Hate (Part 2)
18,01,528,Might Over Mystery (Part 1)
18,01,529,Might Over Mystery (Part 2)
18,02,530,The Truth Behind the Urban Legend (Part 1)
18,02,531,The Truth Behind the Urban Legend (Part 2)
18,02,532,The Scar of First Love
18,02,533,The Scar that Evokes the Past
18,03,534,The New Scar and the Whistling Man
18,03,535,An Old Scar and the Detective's Spirit
18,03,536,The Secret of the Vanished Masterpiece
18,03,539,A Fool's Inheritance
18,04,537,Kaitou Kid vs. the Strongest Safe (Part 1)
18,04,538,Kaitou Kid vs. the Strongest Safe (Part 2)
18,04,540,The Day Kogoro Mouri Ceased Being a Detective (Part 1)
18,04,541,The Day Kogoro Mouri Ceased Being a Detective (Part 2)
18,05,542,Ikkaku Rock's Disappearing Fish (Part 1)
18,05,543,Ikkaku Rock's Disappearing Fish (Part 2)
18,05,544,The Hand That Plays in Dissonance
18,05,553,The Interrogation Room
18,06,545,The Witch Enshrouded by Fog (Part 1)
18,06,546,The Witch Enshrouded by Fog (Part 2)
18,06,547,Two Days with the Culprit (First Day)
18,06,548,Two Days with the Culprit (Second Day)
18,07,549,The Revolving Sushi Mystery (Part 1)
18,07,550,The Revolving Sushi Mystery (Part 2)
18,07,551,The Culprit is Genta's Dad (Part 1)
18,07,552,The Culprit is Genta's Dad (Part 2)
18,08,554,Stork Mystery Tour (Ran's Search Chapter)
18,08,555,Stork Mystery Tour (Haruna's Pursuit Chapter)
18,08,556,Intersection of Fear
18,08,557,A Dangerous Party of Two
18,09,558,The Mansion of Death and the Red Wall (Three Visits) (Part 1)
18,09,559,The Mansion of Death and the Red Wall (Item in Hand) (Part 2)
18,09,560,The Mansion of Death and the Red Wall (The Late Koumei) (Part 3)
18,09,561,The Mansion of Death and the Red Wall (Empty Fort Strategy) (Part 4)
18,10,562,Rainbow Color Kidnapping
18,10,563,Detective Boys vs. Robber Group (Turmoil) (Part 1)
18,10,564,Detective Boys vs. Robber Group (Silence) (Part 2)
18,10,565,The Eyewitness Who Did Not See
19,01,566,The Partner is Santa-san
19,01,567,Murderous Intent Raining on an Outdoor Spa
19,01,568,“Inspector Shiratori, Memories of the Cherry Blossom (Part 1)“
19,01,569,“Inspector Shiratori, Memories of the Cherry Blossom (Part 2)“
19,02,570,The Crime with Zero Possibility to be Proven
19,02,571,Battle of the Haunted Warehouse's Treasure (Part 1)
19,02,572,Battle of the Haunted Warehouse's Treasure (Part 2)
19,02,577,The Truth Lit Up By the Fireflies
19,03,573,The Whereabouts of the Embarrassing Charm (Part 1)
19,03,574,The Whereabouts of the Embarrassing Charm (Part 2)
19,03,575,The Alibi of the Black Dress (Part 1)
19,03,576,The Alibi of the Black Dress (Part 2)
19,04,578,The Crisis Beckoned by the Red Omen
19,04,579,The Suggestion of Black Thirteen
19,04,580,The Black Time Limit Drawing Near
19,04,581,The Red Shaking Target
19,05,582,The Night the Zombie Died
19,05,583,Kobayashi-sensei's Love
19,05,584,Inspector Shiratori's Lost Love
19,05,585,Timeless Sakura's Love
19,06,586,The Kirin's Horn That Vanished into the Dark
19,06,587,Kid vs. the Four Divine Detective Boys
19,06,588,The Trap of the Rooftop Farm
19,06,591,The House with the Aquarium
19,07,589,The Worst Birthday (Part 1)
19,07,590,The Worst Birthday (Part 2)
19,07,592,The Detective Memoir of Monkey and Rake (Part 1)
19,07,593,The Detective Memoir of Monkey and Rake (Part 2)
19,08,594,The Seven Wonders of the Hiroshima Miyajima Tour (Miyajima Part)
19,08,595,The Seven Wonders of the Hiroshima Miyajima Tour (Hiroshima Part)
19,08,596,The Alibi of the Fall
19,08,599,A Friend of Justice
19,09,597,The Scenario of the Steaming Locked Room (Part 1)
19,09,598,The Scenario of the Steaming Locked Room (Part 2)
19,09,600,The Dream the Kappa Saw (Part 1)
19,09,601,The Dream the Kappa Saw (Part 2)
19,10,602,The Devil Hidden in the Tennis Court
19,10,603,The Séance's Double Locked Room Mystery Case (First Locked Room) (Part 1)
19,10,604,The Séance's Double Locked Room Mystery Case (Second Locked Room) (Part 2)
19,10,605,The Séance's Double Locked Room Mystery Case (Opened Locked Room) (Part 3)
20,01,606,Courtroom Confrontation IV∶ Juror Sumiko Kobayashi (Part 1)
20,01,607,Courtroom Confrontation IV∶ Juror Sumiko Kobayashi (Part 2)
20,01,608,White Day of Betrayal (Part 1)
20,01,609,White Day of Betrayal (Part 2)
20,02,610,The Victim is Shinichi Kudo
20,02,611,“Inubushi Castle, The Ablazed Demon Dog (Will-o'-The-Wisp Chapter)“
20,02,612,“Inubushi Castle, The Ablazed Demon Dog (Footsteps Chapter)“
20,02,613,“Inubushi Castle, The Ablazed Demon Dog (Chapter of Princess)“
20,03,614,The Secret Played by the Diary (Part 1)
20,03,615,The Secret Played by the Diary (Part 2)
20,03,616,Holmes’ Revelation (Holmes' Apprentice)
20,03,617,Holmes’ Revelation (Love is 0)
20,04,618,Holmes' Revelation (Satan)
20,04,619,Holmes' Revelation (Code Break)
20,04,620,Holmes’ Revelation (Grass Court Queen)
20,04,621,Holmes’ Revelation (0 is Start)
20,05,622,Emergency Situation 252 (Part 1)
20,05,623,Emergency Situation 252 (Part 2)
20,05,624,A Video Letter of First Love
20,05,631,What the Flower Clock Knew
20,06,625,The Screaming Operation Room (Part 1)
20,06,626,The Screaming Operation Room (Part 2)
20,06,627,Conan & Kid's Battle For Ryoma's Treasure (Part 1)
20,06,628,Conan & Kid's Battle For Ryoma's Treasure (Part 2)
20,07,629,The Promo Video Shooting Case (Part 1)
20,07,630,The Promo Video Shooting Case (Part 2)
20,07,632,The Guardian of Time's Sword (Part 1)
20,07,633,The Guardian of Time's Sword (Part 2)
20,08,634,The Super Narrow Shop Crime Scene
20,08,635,Beware of Dieting
20,08,636,The Most Useful School in the World Case (Part 1)
20,08,637,The Most Useful School in the World Case (Part 2)
20,09,638,Solving Mysteries at the Red Leaf Palace (Part 1)
20,09,639,Solving Mysteries at the Red Leaf Palace (Part 2)
20,09,640,The Memory Trip of the Eight Sketches (Okayama Part)
20,09,641,The Memory Trip of the Eight Sketches (Kurashiki Part)
20,10,642,Grabbing Karuta Cards in Dire Straits (Part 1)
20,10,643,Grabbing Karuta Cards in Dire Straits (Part 2)
20,10,644,“Ramen So Good, It's to Die For (Part 1)“
20,10,645,“Ramen So Good, It's to Die For (Part 2)“
21,01,646,Deduction Showdown at the Haunted Hotel (Part 1)
21,01,647,Deduction Showdown at the Haunted Hotel (Part 2)
21,01,651,“Conan vs. Heiji, Deduction Battle Between the Detectives of the East and West“
21,02,648,The Case of the Besieged Detective Agency (Outbreak) (Part 1)
21,02,649,The Case of the Besieged Detective Agency (Sniping) (Part 2)
21,02,650,The Case of the Besieged Detective Agency (Release) (Part 3)
21,02,658,The Hot Chocolate Trap
21,03,652,The Design of Poison and Mirage (EYE)
21,03,653,The Design of Poison and Mirage (S)
21,03,654,The Design of Poison and Mirage (Poison)
21,03,655,The Design of Poison and Mirage (Illusion)
21,04,656,The Professor's Video Site (Part 1)
21,04,657,The Professor's Video Site (Part 2)
21,04,659,Co-Investigating with a First Love (Part 1)
21,04,660,Co-Investigating with a First Love (Part 2)
21,05,661,Kogoro-san is a Good Man (Part 1)
21,05,662,Kogoro-san is a Good Man (Part 2)
21,05,663,Chase the Miyama Stag Beetle
21,05,664,The Great Dog Coeur's Triumph 2
21,06,665,The Suspicious Initial K
21,06,666,The Rainy Night Menace
21,06,667,Wedding Eve (Part 1)
21,06,668,Wedding Eve (Part 2)
21,07,669,The Dark Tower's Hidden Treasure (Part 1)
21,07,670,The Dark Tower's Hidden Treasure (Part 2)
21,07,677,The Footprintless Beach
21,07,680,Cactus Capriccio
21,08,671,Detectives' Nocturne (The Case) (Part 1)
21,08,672,Detectives' Nocturne (Kidnapping) (Part 2)
21,08,673,Detectives' Nocturne (Deduction) (Part 3)
21,08,674,Detectives' Nocturne (Bourbon) (Part 4)
21,09,675,Won't Forgive Even One Millimeter (Part 1)
21,09,676,Won't Forgive Even One Millimeter (Part 2)
21,09,678,Nagasaki Mystery Theatre (End of the Edo)
21,09,679,Nagasaki Mystery Theatre (Modern Time)
22,01,681,The Life-Threatening Broadcast of Love (Begin Broadcasting)
22,01,682,The Life-Threatening Broadcast of Love (Desperate Situation)
22,01,683,The Life-Threatening Broadcast of Love (Enter the Scene)
22,01,686,A Car Carrying a Time Bomb
22,02,684,“Froth, Steam, and Smoke (Part 1)“
22,02,685,“Froth, Steam, and Smoke (Part 2)“
22,02,687,The Unsolvable Ice Trap
22,02,688,Detective Takagi Finds 30 Million Yen
22,03,689,The Client's Message
22,03,690,Yusaku Kudo's Cold Case (Part 1)
22,03,691,Yusaku Kudo's Cold Case (Part 2)
22,03,694,The Missing Sweets in the Old Shop
22,04,692,The Evening Cherry Blossom Viewing Route on Sumida River (Part 1)
22,04,693,The Evening Cherry Blossom Viewing Route on Sumida River (Part 2)
22,04,695,The Roses in the Vineyard
22,04,696,The Flowerbed Vandal's Scheme
22,05,697,The Window at the Girls' School
22,05,698,Unbelievable! The Case of the Crashed UFO
22,05,699,The Shadow Approaching Haibara's Secret (Part 1)
22,05,700,The Shadow Approaching Haibara's Secret (Part 2)
22,06,701,The Jet-Black Mystery Train (Departure)
22,06,702,The Jet-Black Mystery Train (Tunnel)
22,06,703,The Jet-Black Mystery Train (Intersection)
22,06,704,The Jet-Black Mystery Train (Destination)
22,07,705,Conan in a Locked Room
22,07,706,Bourbon Figures It Out
22,07,707,The Framed Great Detective
22,07,708,The Man Who Fell Slowly
22,08,709,An Unconfirmed Shocking Case
22,08,710,Everyone Saw (Part 1)
22,08,711,Everyone Saw (Part 2)
22,08,718,The Devil's Circuit
22,09,712,Heiji Hattori and the Vampire Mansion (1)
22,09,713,Heiji Hattori and the Vampire Mansion (2)
22,09,714,Heiji Hattori and the Vampire Mansion (3)
22,09,715,Heiji Hattori and the Vampire Mansion (4)
23,01,716,Dancing Demon at the Noh Mask Mansion (Part 1)
23,01,717,Dancing Demon at the Noh Mask Mansion (Part 2)
23,01,719,A Dispute Over a Platinum Ticket
23,01,726,A Happy E-mail Brings Sadness
23,02,720,Fire and Water Mystery Tour (Aso Part)
23,02,721,Fire and Water Mystery Tour (Kumamoto Part)
23,02,722,Sweet and Cold Delivery Service (Part 1)
23,02,723,Sweet and Cold Delivery Service (Part 2)
23,03,724,Kaitou Kid and the Blush Mermaid (Part 1)
23,03,725,Kaitou Kid and the Blush Mermaid (Part 2)
23,03,727,The Treasure Chest Filled with Fruits (Part 1)
23,03,728,The Treasure Chest Filled with Fruits (Part 2)
23,04,729,“The Diamond, the Painting, and the Great Actress“
23,04,730,The Figure That Was Too Good
23,04,731,The Ex-Boyfriend Living Next to a Crime Scene (Part 1)
23,04,732,The Ex-Boyfriend Living Next to a Crime Scene (Part 2)
23,05,733,The Wedding Reception and the Two Gunshots
23,05,734,Jodie's Memories and the Cherry Blossom Viewing Trap
23,05,735,The Coded Invitation
23,06,736,The Secret of the Statue of Kogoro Mouri
23,06,737,The Suspicious Walking Path
23,06,738,Kogoro in the Bar (Part 1)
23,06,739,Kogoro in the Bar (Part 2)
24,01,740,Bathroom Where Ran Collapsed As Well (Part 1)
24,01,741,Bathroom Where Ran Collapsed As Well (Part 2)
24,01,742,Promise with a J-Leaguer
24,01,743,Two Coincidental Successes
24,02,744,The Suspect is Makoto Kyogoku (Part 1)
24,02,745,The Suspect is Makoto Kyogoku (Part 2)
24,02,746,Kaitou Kid VS Makoto Kyogoku (Part 1)
24,02,747,Kaitou Kid VS Makoto Kyogoku (Part 1)
24,03,748,Metropolitan Police Detective Love Story (Confession)
24,03,749,Metropolitan Police Detective Love Story (Truth)
24,03,750,The Man Who Was Betrayed by the Sea
24,03,753,The Blind Spot in the Share House
24,04,751,The Case of the Lucky Calico (Part 1)
24,04,752,The Case of the Lucky Calico (Part 2)
24,04,757,The Comedian Who Turned Himself In (Part 1)
24,04,758,The Comedian Who Turned Himself In (Part 2)
24,05,754,The Tragedy of the Red Woman (Steam)
24,05,755,The Tragedy of the Red Woman (Evil Spirit)
24,05,756,The Tragedy of the Red Woman (Revenge)
24,05,767,The Lover Gone Missing in a Snowstorm
24,06,759,The Romance Novel with the Unexpected Conclusion (Part 1)
24,06,760,The Romance Novel with the Unexpected Conclusion (Part 2)
24,06,761,Kaga Hyakumangoku Mystery Tour (Kanazawa Part)
24,06,762,Kaga Hyakumangoku Mystery Tour (Kaga Part)
24,07,S4,“Happy New Year, Kogoro Mouri (TV Special)“
24,07,765,Teimuzu River Kite Flying Case (Part 1)
24,07,766,Teimuzu River Kite Flying Case (Part 2)
24,07,768,Ai Haibara Imprisonment Case
24,08,763,“Conan and Heiji, Code of Love (Part 1)“
24,08,764,“Conan and Heiji, Code of Love (Part 2)“
24,08,769,The Troublesome Emergency Patient
24,08,774,Munch's Missing Scream
24,09,770,The Tense Tea Party (Part 1)
24,09,771,The Tense Tea Party (Part 2)
24,09,772,Shinichi Kudo's Aquarium Case (Part 1)
24,09,773,Shinichi Kudo's Aquarium Case (Part 2)
24,10,775,The Manipulated Great Detective (Part 1)
24,10,776,The Manipulated Great Detective (Part 2)
24,10,777,Detective Boys vs. Elderly Detective League
24,10,778,Mirage of the Disappearing Angel
25,01,779,The Scarlet Prologue (Part 1)
25,01,780,The Scarlet Pursuit (Part 2)
25,01,781,The Scarlet Intersection (Part 3)
25,01,782,The Scarlet Return (Part 4)
25,01,783,The Scarlet Truth (Part 5)
25,02,784,Welcome to Club Orihime
25,02,785,Taiko Meijin's Match of Love (Part 1)
25,02,786,Taiko Meijin's Match of Love (Part 2)
25,02,789,The Queen's Weather Forecast
25,03,787,The Mystery Sinking in the Midsummer Pool (Part 1)
25,03,788,The Mystery Sinking in the Midsummer Pool (Part 2)
25,03,790,Bekapon's Bleeding Service
25,03,791,Detective Takagi On the Run in Handcuffs
25,04,792,Three First Discoverers (Part 1)
25,04,793,Three First Discoverers (Part 2)
25,04,794,Bodyguard Kogoro Mouri
25,04,795,The Secret of the Missing Young Lady
25,05,796,The Lovebirds' Ruse
25,05,797,The Dreaming Girl's Confused Deduction
25,05,798,The Moving Target
25,05,799,Detective Boys' Locked Room Mystery Battle
25,06,800,After That Hundred Million Yen
25,06,801,Tottori Sand Dunes Mystery Tour (Kurayoshi Part) (Part 1)
25,06,802,Tottori Sand Dunes Mystery Tour (Tottori Part) (Part 2)
25,06,803,The Pitfall of Fire Precautions
25,07,804,Conan and Ebizo's Kabuki Jūhachiban Mystery (Part 1)
25,07,805,Conan and Ebizo's Kabuki Jūhachiban Mystery (Part 2)
25,08,806,The Ventriloquist's Illusion (Part 1)
25,08,807,The Ventriloquist's Illusion (Part 2)
25,08,808,The Kamaitachi Inn (Part 1)
25,08,809,The Kamaitachi Inn (Part 2)
25,09,810,The Darkness of the Prefectural Police (Part 1)
25,09,811,The Darkness of the Prefectural Police (Part 2)
25,09,812,The Darkness of the Prefectural Police (Part 3)
25,09,813,The Shadow Approaching Amuro
25,10,814,The Actress Blogger's Locked Room Case (Part 1)
25,10,815,The Actress Blogger's Locked Room Case (Part 2)
25,10,816,The Disappointing and Kind Alien
25,10,817,The Missing Fiancée
26,01,818,Kogoro's Pursuit of Rage (Part 1)
26,01,819,Kogoro's Pursuit of Rage (Part 2)
26,01,820,The Seven People in the Waiting Room
26,01,821,The Hidden Secret of Dongaraji Temple
26,02,822,The Suspects Are a Passionate Couple (Part 1)
26,02,823,The Suspects Are a Passionate Couple (Part 2)
26,02,824,The Detective Boys Get Out of the Rain
26,02,825,The Tidal Park Comeback Case
26,03,826,“The Beauty, The Lies, and The Secrets“
26,03,827,“Ramen So Good, It's to Die For 2 (Part 1)“
26,03,828,“Ramen So Good, It's to Die For 2 (Part 2)“
26,03,829,The Mysterious Boy
26,04,830,A Cottage Surrounded by Zombies (Part 1)
26,04,831,A Cottage Surrounded by Zombies (Part 2)
26,04,832,A Cottage Surrounded by Zombies (Part 3)
26,04,833,The Great Detective's Weakness
26,05,834,The Man Who Died Twice (Part 1)
26,05,835,The Man Who Died Twice (Part 2)
26,05,836,The Unfriendly Girls Band (Part 1)
26,05,837,The Unfriendly Girls Band (Part 2)
26,06,838,Mysterious Case in a Hot Air Balloon
26,06,839,You Can Hear The Tengu's Voice
26,06,840,The Last Gift
26,06,841,The Rainy Bus Stop
26,07,842,Turning Point on a Driving Date
26,07,843,The Detective Boys in a Grove (Part 1)
26,07,844,The Detective Boys in a Grove (Part 2)
26,07,855,The Mystery of the Vanished Black Belt
26,08,845,Conan Cornered in the Darkness (Part 1)
26,08,846,Conan Cornered in the Darkness (Part 2)
26,08,847,Chiba's Difficult UFO Case (Part 1)
26,08,848,Chiba's Difficult UFO Case (Part 2)
26,09,849,The Marriage Registration's Password (Part 1)
26,09,850,The Marriage Registration's Password (Part 2)
26,09,851,The Descent Into Hell Tour of Love (Beppu Chapter)
26,09,852,The Descent Into Hell Tour of Love (Oita Chapter)
26,10,853,Memories from Sakura Class (Ran GIRL)
26,10,854,Memories from Sakura Class (Shinichi BOY)
26,10,856,The Secret of the Celebrity Couple
26,10,859,The Dark Mountain Route
27,01,857,The Shifting Mystery of Beika City (Part 1)
27,01,858,The Shifting Mystery of Beika City (Part 2)
27,01,860,The Security System's Pitfall
27,01,865,The Foul-Mouthed Myna Bird
27,02,861,Just Like a 17 Years Old Crime Scene (Part 1)
27,02,862,Just Like a 17 Years Old Crime Scene (Part 2)
27,02,863,The Spirit Detective's Murder (Part 1)
27,02,864,The Spirit Detective's Murder (Part 2)
27,03,866,The Traitor's Stage (Part 1)
27,03,867,The Traitor's Stage (Part 2)
27,03,869,Conan Disappeared on the Cliff (Part 1)
27,03,870,Conan Disappeared on the Cliff (Part 2)
27,04,871,The Nobunaga 450 Case
27,04,872,Conan and Heiji's Nue Legend (Squealing)
27,04,873,Conan and Heiji's Nue Legend (Claw)
27,04,874,Conan and Heiji's Nue Legend (Resolution)
27,05,868,The Whistling Bookstore
27,05,875,The Mysterious Prophetic Buddha
27,05,876,The Mechanical Witness
27,05,877,A Pair of Crossing Fates
27,06,878,The Blind Spot in the Dressing Room (Part 1)
27,06,879,The Blind Spot in the Dressing Room (Part 2)
27,06,881,The Wizard of the Ripples (Part 1)
27,06,882,The Wizard of the Ripples (Part 2)
27,07,883,The Pop-up Book Bomber (Part 1)
27,07,884,The Pop-up Book Bomber (Part 2)
27,07,885,Solving Mysteries at the Poirot Café (Part 1)
27,07,886,Solving Mysteries at the Poirot Café (Part 2)
27,08,887,Kaitou Kid and the Trick Box (Part 1)
27,08,888,Kaitou Kid and the Trick Box (Part 2)
27,08,889,The New Teacher's Skeleton Case (Part 1)
27,08,890,The New Teacher's Skeleton Case (Part 2)
27,09,891,Bakumatsu Revolution Mystery Tour (Yamaguchi Arc)
27,09,892,Bakumatsu Revolution Mystery Tour (Hagi Arc)
27,09,894,The Tokyo-Style Detective Show Next Door (Part 1)
27,09,895,The Tokyo-Style Detective Show Next Door (Part 2)
27,10,880,The Detective Boys and the Ghost Mansion
27,10,893,The Mystery of the Michelin Starred Restaurant
27,10,896,The Woman with White Hands (Part 1)
27,10,897,The Woman with White Hands (Part 2)
28,01,898,The Melting Cake!
28,01,899,The Real Culprit's Scream
28,01,900,Solving Mysteries in a Locked Room
28,01,903,Birds of a Feather at Loggerheads
28,02,901,Lawyer Kisaki's SOS (Part 1)
28,02,902,Lawyer Kisaki's SOS (Part 2)
28,02,905,Eyewitness Testimony Seven Years Later (Part 1)
28,02,906,Eyewitness Testimony Seven Years Later (Part 2)
28,03,904,Result of the Draw
28,03,907,The J League Bodyguard
28,03,908,Friendship Washed Away in the Riverbed
28,03,911,The Job Request from Inspector Megure
28,04,909,Mystery of the Burning Tent (Part 1)
28,04,910,Mystery of the Burning Tent (Part 2)
28,04,913,Conan Kidnapped (Part 1)
28,04,914,Conan Kidnapped (Part 2)
28,05,912,The Detective Boys Become Models
28,05,915,High School Girl Detective Sonoko Suzuki
28,05,916,The Kendo Tournament of Love and Mystery (Part 1)
28,05,917,The Kendo Tournament of Love and Mystery (Part 2)
28,06,918,The Mini Patrol Car Police's Big Chase
28,06,919,The High School Girl Trio's Secret Café (Part 1)
28,06,920,The High School Girl Trio's Secret Café (Part 2)
28,06,921,The Murderous Carpool
28,07,922,The Disappeared Detective Boys
28,07,923,A Day Without Conan
28,07,924,The Sun Sets in Tangerine Fields
28,07,935,The Fortuneteller and the Three Customers‎
28,08,925,The Heartfelt Strap (Part 1)
28,08,926,The Heartfelt Strap (Part 2)
28,08,929,A Woman Standing by the Window (Part 1)
28,08,930,A Woman Standing by the Window (Part 2)
29,01,927,The Scarlet School Trip (Bright Red Arc) (1 Hour Special)
29,01,928,The Scarlet School Trip (Red Love Arc) (1 Hour Special)
29,02,931,The Northern Kyushu Mystery Tour (Kokura Arc)
29,02,932,The Northern Kyushu Mystery Tour (Moji Arc)
29,02,933,Thoroughbred Kidnapping Case (Part 1)
29,02,934,Thoroughbred Kidnapping Case (Part 2)
29,03,936,Intrigue at the Food Court
29,03,937,The Killer Fist of Talos (Part 1)
29,03,938,The Killer Fist of Talos (Part 2)
29,03,939,The Dangerous Fossil Finding Trip
29,04,940,The Missing Girlfriend
29,04,941,Search for Maria-chan! (Part 1)
29,04,942,Search for Maria-chan! (Part 2)
29,04,943,The Tokyo Barls Collection
29,05,944,The Cost of Likes (Part 1)
29,05,945,The Cost of Likes (Part 2)
29,05,946,The Cursed Tears of Borgia (Part 1)
29,05,947,The Cursed Tears of Borgia (Part 2)
29,06,948,The Man Crushed by a Dinosaur
29,06,949,The Radio Questions and Concerns Show (Challenge Arc)
29,06,950,The Radio Questions and Concerns Show (Solution Arc)
29,06,951,The Whistling Bookstore 2
29,07,952,The Unsolved Cocktail Case (Part 1)
29,07,953,The Unsolved Cocktail Case (Part 2)
29,07,954,The Unsolved Cocktail Case (Part 3)
29,07,955,The Secret of the Insect Man
29,08,956,The Mystery-Solving Water Taxi (Part 1)
29,08,957,The Mystery-Solving Water Taxi (Part 2)
29,08,958,The Poodle and the Shotgun (Part 1)
29,08,959,The Poodle and the Shotgun (Part 2)
30,01,960,Miss Lonely and the Detective Boys
30,01,961,The Glamping Mystery
30,01,969,The Young Kaga Lady's Mystery Tour (Part 1)
30,01,970,The Young Kaga Lady's Mystery Tour (Part 2)
30,02,962,Kogoro Mouri's Grand Lecture (Part 1)
30,02,963,Kogoro Mouri's Grand Lecture (Part 2)
30,02,964,Kogoro Mouri's Grand Lecture (Part 3)
30,02,975,The Secret of the Search for his Wife
30,03,965,Kaiju Gomera vs. Kamen Yaiba (Prologue)
30,03,966,Kaiju Gomera vs. Kamen Yaiba (Interlude)
30,03,967,Kaiju Gomera vs. Kamen Yaiba (Climax)
30,03,968,Kaiju Gomera vs. Kamen Yaiba (Finale)
30,04,971,The Target is the Metropolitan Police Traffic Department (Part 1)
30,04,972,The Target is the Metropolitan Police Traffic Department (Part 2)
30,04,973,The Target is the Metropolitan Police Traffic Department (Part 3)
30,04,974,The Target is the Metropolitan Police Traffic Department (Part 4)
30,05,976,Follow Them! Detective Taxi
30,05,977,The Broken Fishbowl
30,05,978,The Case On the Opposite Shore
30,05,979,Leading a Detective Around By the Nose
30,06,980,An Encouragement of the Perfect Crime
30,06,981,Welcome to Bocchan Restaurant (Part 1)
30,06,982,Welcome to Bocchan Restaurant (Part 2)
30,06,987,The Company Dissolution Party
30,07,983,Kid vs. Komei∶ The Targeted Lips (Part 1)
30,07,984,Kid vs. Komei∶ The Targeted Lips (Part 2)
30,07,985,The Two Faces (Part 1)
30,07,986,The Two Faces (Part 2)
30,08,988,The Feuding Girls
30,08,989,The Case of Ayumi's Illustrated Diary
30,08,990,The Automatic Tragedy (Part 1)
30,08,991,The Automatic Tragedy (Part 2)
30,09,992,Murder at the Townhouse Café
30,09,993,Makoto Kyogoku the Understudy (Part 1)
30,09,994,Makoto Kyogoku the Understudy (Part 2)
30,09,995,Makoto Kyogoku the Understudy (Part 3)
30,10,996,The Skilled Hawk Hides His Crime
30,10,997,Intrigue at Smile Village
30,10,998,The Frying Pan of Hatred
30,10,999,Troublesome Kindness
31,01,1000,The Moonlight Sonata Murder (Part 1)
31,01,1001,The Moonlight Sonata Murder (Part 2)
31,01,1002,The Beika City Shopping Center Garbage Bin Mystery
31,01,1006,Who Poisoned the Victim
31,02,1003,The 36-Cell Perfect Game (Part 1)
31,02,1004,The 36-Cell Perfect Game (Part 2)
31,02,1005,The 36-Cell Perfect Game (Part 3)
31,02,1009,The Lost Article That Smells Like a Case
31,03,1007,Out for Revenge (Part 1)
31,03,1008,Out for Revenge (Part 2)
31,03,1010,The Idol Whose Smile Disappeared
31,03,1013,The Man Who Loved Too Much
31,04,1011,Picking Wild Plants and Clovers (Part 1)
31,04,1012,Picking Wild Plants and Clovers (Part 2)
31,04,1014,The Novelist Known as the Demon King
31,04,1015,Stakeout
31,05,1016,The Monorail Sniper Case (Part 1)
31,05,1017,The Monorail Sniper Case (Part 2)
31,05,1021,Rondo in Bad Company
31,05,1022,The Cursed Museum
